Key,English,German,Turkish,Italian,French,Polish,Norwegian,Portuguese,Portuguese (Brazil),Castilian Spanish,Spanish (Latin America),Russian,Arabic,Japanese,Korean,Chinese (Simplified),Chinese (Traditional)
Card.Card_Bounty_Hunter.Name,Bounty Hunter,Kopfgeldjäger,Ödül Avcısı,Cacciatore di taglie,Chasseur de primes,Łowca nagród,Dusørjeger,Caçador de recompensas,Caçador de recompensas,Cazarrecompensas,Cazarrecompensas,Охотник за головами,,賞金稼ぎ,현상금 사냥꾼,赏金猎人,賞金獵人
Card.Card_Bounty_Hunter.Desc,"Every line clear grants +1 Blockcoin, but all future Milestone targets rise by 20%.","Jede gelöschte Reihe bringt +1 Blockcoin, aber alle künftigen Ziele steigen um 20%.","Her satır temizliğinde +1 Blockcoin, ama sonraki tüm hedef skorlar %20 artar.","Ogni linea completata dà +1 Blockcoin, ma tutti gli obiettivi futuri salgono del 20%.","Chaque ligne complétée donne +1 Blockcoin, mais tous les objectifs futurs augmentent de 20%.","Każda wyczyszczona linia daje +1 Blockcoin, ale wszystkie przyszłe cele rosną o 20%.","Hver fjernet linje gir +1 Blockcoin, men alle fremtidige mål øker med 20%.","Cada linha limpa dá +1 Blockcoin, mas todos os objetivos futuros sobem 20%.","Cada linha limpa dá +1 Blockcoin, mas todos os objetivos futuros sobem 20%.","Cada línea completada da +1 Blockcoin, pero todos los objetivos futuros suben un 20%.","Cada línea completada da +1 Blockcoin, pero todos los objetivos futuros suben un 20%.","Каждая очищенная линия даёт +1 Blockcoin, но все будущие цели растут на 20%.",,ライン消去ごとに +1 Blockcoin。ただし以降の目標スコアが 20% 上がります。,"줄을 지울 때마다 +1 Blockcoin. 단, 이후 모든 목표 점수가 20% 오릅니다.",每消除一行获得 +1 Blockcoin，但之后所有目标分数提高 20%。,每消除一行獲得 +1 Blockcoin，但之後所有目標分數提高 20%。
Card.Card_Card_Collector.Name,Card Collector,Kartensammler,Kart Koleksiyoncusu,Collezionista,Collectionneur,Kolekcjoner kart,Kortsamler,Colecionador,Colecionador,Coleccionista,Coleccionista,Коллекционер,,カードコレクター,카드 수집가,集卡者,集卡者
Card.Card_Card_Collector.Desc,Each card you own adds +0.02 to your global score multiplier.,"Jede Karte in deinem Besitz erhöht den globalen Punktemultiplikator um 0,02.",Sahip olduğun her kart global skor çarpanına +0.02 ekler.,"Ogni carta posseduta aggiunge 0,02 al moltiplicatore globale.","Chaque carte possédée ajoute 0,02 au multiplicateur de score global.","Każda posiadana karta dodaje 0,02 do globalnego mnożnika punktów.","Hvert kort du eier gir +0,02 til den globale poengmultiplikatoren.","Cada carta que tens adiciona 0,02 ao multiplicador global.","Cada carta que tens adiciona 0,02 ao multiplicador global.","Cada carta que tengas suma 0,02 al multiplicador de puntuación global.","Cada carta que tengas suma 0,02 al multiplicador de puntaje global.","Каждая ваша карта добавляет 0,02 к общему множителю очков.",,所持カード 1 枚につき、全体スコア倍率が +0.02 されます。,보유한 카드 1장마다 전체 점수 배율이 +0.02 증가합니다.,每拥有一张卡牌，全局分数倍率 +0.02。,每擁有一張卡牌，全局分數倍率 +0.02。
Card.Card_Center_Base.Name,Center Base,Zentrumsbasis,Merkez Üs,Base centrale,Base centrale,Baza centralna,Sentrumsbase,Base central,Base central,Base central,Base central,Центральная база,,センターベース,중앙 기지,中心基地,中心基地
Card.Card_Center_Base.Desc,Each tile placed in the center 2x2 area grants +4 points.,Jeder Stein im mittleren 2x2-Bereich bringt +4 Punkte.,Merkezdeki 2x2 alana konan her blok +4 puan verir.,Ogni blocco piazzato nell'area centrale 2x2 dà +4 punti.,Chaque case placée dans la zone centrale 2x2 donne +4 points.,Każdy blok w centralnym obszarze 2x2 daje +4 punkty.,Hver brikke i det midtre 2x2-området gir +4 poeng.,Cada bloco colocado na área central 2x2 dá +4 pontos.,Cada bloco colocado na área central 2x2 dá +4 pontos.,Cada bloque colocado en el área central 2x2 da +4 puntos.,Cada bloque colocado en el área central 2x2 da +4 puntos.,Каждый блок в центральной зоне 2x2 даёт +4 очка.,,中央 2x2 エリアに置いたブロック 1 つにつき +4 点。,중앙 2x2 구역에 놓은 블록마다 +4점.,放在中央 2x2 区域的每个方块 +4 分。,放在中央 2x2 區域的每個方塊 +4 分。
Card.Card_Chain_Master.Name,Chain Master,Kettenmeister,Zincir Ustası,Maestro di catene,Maître des chaînes,Mistrz łańcuchów,Kjedemester,Mestre das correntes,Mestre das correntes,Maestro de cadenas,Maestro de cadenas,Мастер цепей,,チェインマスター,연쇄의 달인,连锁大师,連鎖大師
Card.Card_Chain_Master.Desc,Each consecutive clear permanently adds +0.02 to your combo gain.,"Jede aufeinanderfolgende Reihe erhöht deinen Combo-Zuwachs dauerhaft um 0,02.",Arka arkaya her temizlik kombo kazancına kalıcı +0.02 ekler.,"Ogni linea consecutiva aumenta permanentemente il guadagno combo di 0,02.","Chaque ligne consécutive augmente définitivement votre gain de combo de 0,02.","Każda kolejna linia trwale zwiększa przyrost kombo o 0,02.","Hver linje på rad gir permanent +0,02 til komboøkningen din.","Cada linha consecutiva aumenta permanentemente o ganho de combo em 0,02.","Cada linha consecutiva aumenta permanentemente o ganho de combo em 0,02.","Cada línea consecutiva aumenta permanentemente tu ganancia de combo en 0,02.","Cada línea consecutiva aumenta permanentemente tu ganancia de combo en 0,02.","Каждая линия подряд навсегда увеличивает прирост комбо на 0,02.",,連続でラインを消すたび、コンボ増加量が永続的に +0.02 されます。,연속으로 줄을 지울 때마다 콤보 증가량이 영구적으로 +0.02 됩니다.,每次连续消行都会永久提升连击增益 0.02。,每次連續消行都會永久提升連擊增益 0.02。
Card.Card_Combo_Shield.Name,Combo Shield,Combo-Schild,Kombo Kalkanı,Scudo combo,Bouclier de combo,Tarcza kombo,Komboskjold,Escudo de combo,Escudo de combo,Escudo de combo,Escudo de combo,Щит комбо,,コンボシールド,콤보 실드,连击护盾,連擊護盾
Card.Card_Combo_Shield.Desc,"Once per run, your combo survives when the charge bar empties.","Einmal pro Lauf bleibt dein Combo erhalten, wenn die Leiste leer wird.","Tur başına bir kez, şarj barı boşaldığında kombon sıfırlanmaz.","Una volta per run, il combo sopravvive quando la barra si svuota.","Une fois par partie, votre combo survit quand la jauge se vide.",Raz na rozgrywkę kombo przetrwa opróżnienie paska.,Én gang per runde overlever komboen når ladelinjen tømmes.,"Uma vez por jornada, o teu combo sobrevive quando a barra esvazia.","Uma vez por jornada, o seu combo sobrevive quando a barra esvazia.","Una vez por partida, tu combo sobrevive cuando la barra se vacía.","Una vez por partida, tu combo sobrevive cuando la barra se vacía.",Один раз за забег комбо не сбрасывается при опустевшей шкале.,,1 ラン中 1 回、ゲージが空になってもコンボが維持されます。,"판당 1회, 게이지가 비어도 콤보가 유지됩니다.",每局一次，能量条清空时连击不会中断。,每局一次，能量條清空時連擊不會中斷。
Card.Card_Corner_Stone.Name,Corner Stone,Eckstein,Köşe Taşı,Pietra angolare,Pierre angulaire,Kamień węgielny,Hjørnestein,Pedra angular,Pedra angular,Piedra angular,Piedra angular,Краеугольный камень,,コーナーストーン,모퉁이돌,基石,基石
Card.Card_Corner_Stone.Desc,Each tile placed on one of the four corners grants +3 points.,Jeder Stein auf einer der vier Ecken bringt +3 Punkte.,Dört köşeden birine konan her blok +3 puan verir.,Ogni blocco piazzato in uno dei quattro angoli dà +3 punti.,Chaque case placée sur l'un des quatre coins donne +3 points.,Każdy blok w jednym z czterech rogów daje +3 punkty.,Hver brikke i et av de fire hjørnene gir +3 poeng.,Cada bloco colocado num dos quatro cantos dá +3 pontos.,Cada bloco colocado num dos quatro cantos dá +3 pontos.,Cada bloque colocado en una de las cuatro esquinas da +3 puntos.,Cada bloque colocado en una de las cuatro esquinas da +3 puntos.,Каждый блок в одном из четырёх углов даёт +3 очка.,,四隅のいずれかに置いたブロック 1 つにつき +3 点。,네 모서리 중 한 곳에 놓은 블록마다 +3점.,放在四个角落的每个方块 +3 分。,放在四個角落的每個方塊 +3 分。
Card.Card_Decaying_Rift.Name,Decaying Rift,Zerfallender Riss,Çürüyen Yarık,Fenditura in decadenza,Faille en décomposition,Rozpadająca się szczelina,Forfallende rift,Fenda em decomposição,Fenda em decomposição,Grieta en descomposición,Grieta en descomposición,Распадающийся разлом,,崩壊する亀裂,붕괴하는 균열,衰变裂隙,衰變裂隙
Card.Card_Decaying_Rift.Desc,"Every 7 shapes, a rift opens with a 5-placement countdown. Clear it for +2 pool shapes; let it hit 0 and the tile is blocked for the rest of the Milestone.","Alle 7 Formen öffnet sich ein Riss mit 5 Zügen Countdown. Räume ihn für +2 Formen; läuft er ab, ist das Feld bis zum Ende des Ziels gesperrt.","Her 7 şekilde bir, 5 hamlelik geri sayımı olan bir yarık açılır. Temizlersen havuza +2 şekil; 0'a inerse o hücre hedefin sonuna kadar kapanır.","Ogni 7 forme si apre una fenditura con 5 mosse di conto alla rovescia. Puliscila per +2 forme; se scade, la cella resta bloccata fino a fine obiettivo.","Toutes les 7 formes, une faille s'ouvre avec un compte à rebours de 5 coups. Nettoyez-la pour +2 formes ; sinon la case est bloquée jusqu'à la fin de l'objectif.",Co 7 kształtów otwiera się szczelina z 5-ruchowym odliczaniem. Wyczyść ją dla +2 kształtów; po zejściu do zera pole jest zablokowane do końca celu.,"For hver 7. brikke åpnes en rift med 5 trekks nedtelling. Fjern den for +2 brikker; hvis den når null, blir ruten sperret ut målet.","A cada 7 formas abre-se uma fenda com contagem de 5 jogadas. Limpa-a para +2 formas; se chegar a zero, a célula fica bloqueada até ao fim do objetivo.","A cada 7 formas abre-se uma fenda com contagem de 5 jogadas. Limpe-a para +2 formas; se chegar a zero, a célula fica bloqueada até ao fim do objetivo.","Cada 7 figuras se abre una grieta con cuenta atrás de 5 jugadas. Límpiala para +2 figuras; si llega a cero, la casilla queda bloqueada hasta el final del objetivo.","Cada 7 piezas se abre una grieta con cuenta atrás de 5 jugadas. Límpiala para +2 piezas; si llega a cero, la casilla queda bloqueada hasta el final del objetivo.","Каждые 7 фигур открывается разлом с отсчётом на 5 ходов. Очистите его ради +2 фигур; если отсчёт истечёт, клетка блокируется до конца цели.",,7 個ごとに亀裂が出現し、5 手のカウントダウンが始まります。消せば +2 ブロック、0 になるとその目標が終わるまでマスが封鎖されます。,"블록 7개마다 5수 카운트다운이 있는 균열이 생깁니다. 지우면 +2 블록, 0이 되면 해당 목표가 끝날 때까지 칸이 막힙니다.",每放置 7 个方块出现一道裂隙，倒数 5 步。消除它可获得 +2 方块；归零则该格封锁至本目标结束。,每放置 7 個方塊出現一道裂隙，倒數 5 步。消除它可獲得 +2 方塊；歸零則該格封鎖至本目標結束。
Card.Diet_plan.Name,Diet Plan,Diätplan,Diyet Planı,Piano dietetico,Régime,Dieta,Slankeplan,Plano de dieta,Plano de dieta,Plan de dieta,Plan de dieta,Диета,,ダイエット計画,다이어트 계획,减肥计划,減肥計劃
Card.Diet_plan.Desc,"This Milestone only spawns size 2-3 shapes, but their scores drop by 20%.","In diesem Ziel erscheinen nur Formen der Größe 2-3, aber ihre Punkte sinken um 20%.","Bu hedefte sadece 2-3 birimlik şekiller gelir, ama puanları %20 düşer.","In questo obiettivo appaiono solo forme di dimensione 2-3, ma i loro punti calano del 20%.","Pendant cet objectif, seules des formes de taille 2-3 apparaissent, mais leurs points baissent de 20%.","W tym celu pojawiają się tylko kształty o rozmiarze 2-3, ale ich punkty spadają o 20%.","Dette målet gir bare brikker på 2-3 ruter, men poengene deres synker 20%.","Neste objetivo só aparecem formas de tamanho 2-3, mas os pontos descem 20%.","Neste objetivo só aparecem formas de tamanho 2-3, mas os pontos descem 20%.","Durante este objetivo solo aparecen figuras de tamaño 2-3, pero sus puntos bajan un 20%.","Durante este objetivo solo aparecen piezas de tamaño 2-3, pero sus puntos bajan un 20%.","В этой цели появляются только фигуры размера 2-3, но их очки снижаются на 20%.",,この目標では 2〜3 マスのブロックのみ出現しますが、得点が 20% 下がります。,이 목표에서는 2~3칸 블록만 나오지만 점수가 20% 감소합니다.,本目标只出现 2-3 格的方块，但它们的分数降低 20%。,本目標只出現 2-3 格的方塊，但它們的分數降低 20%。
Card.Card_Double_Strike.Name,Double Strike,Doppelschlag,Çifte Darbe,Doppio colpo,Double frappe,Podwójne uderzenie,Dobbeltslag,Golpe duplo,Golpe duplo,Doble golpe,Doble golpe,Двойной удар,,ダブルストライク,더블 스트라이크,双重打击,雙重打擊
Card.Card_Double_Strike.Desc,Clearing 2 or more lines at once multiplies the score by 1.5.,"Werden 2 oder mehr Reihen gleichzeitig gelöscht, wird die Punktzahl mit 1,5 multipliziert.",Aynı anda 2 veya daha fazla satır temizlemek skoru 1.5 katına çıkarır.,"Cancellare 2 o più linee insieme moltiplica il punteggio per 1,5.","Effacer 2 lignes ou plus d'un coup multiplie le score par 1,5.","Wyczyszczenie 2 lub więcej linii naraz mnoży wynik przez 1,5.","Å fjerne 2 eller flere linjer samtidig ganger poengene med 1,5.","Limpar 2 ou mais linhas de uma vez multiplica a pontuação por 1,5.","Limpar 2 ou mais linhas de uma vez multiplica a pontuação por 1,5.","Limpiar 2 o más líneas a la vez multiplica la puntuación por 1,5.","Limpiar 2 o más líneas a la vez multiplica el puntaje por 1,5.","Очистка 2 и более линий за раз умножает очки на 1,5.",,2 ライン以上を同時に消すとスコアが 1.5 倍になります。,2줄 이상을 동시에 지우면 점수가 1.5배가 됩니다.,一次消除 2 行或以上，分数 ×1.5。,一次消除 2 行或以上，分數 ×1.5。
Card.Card_First_Picks.Name,First Picks,Erste Züge,İlk Seçimler,Prime scelte,Premiers choix,Pierwsze wybory,Første valg,Primeiras escolhas,Primeiras escolhas,Primeras elecciones,Primeras elecciones,Первые ходы,,ファーストピック,첫 선택,首选,首選
Card.Card_First_Picks.Desc,"The first 5 shapes this Milestone are free, but cannot be rotated.","Die ersten 5 Formen dieses Ziels sind kostenlos, können aber nicht gedreht werden.","Bu hedefteki ilk 5 şekil havuzdan düşmez, ama döndürülemez.","Le prime 5 forme di questo obiettivo sono gratuite, ma non ruotabili.","Les 5 premières formes de cet objectif sont gratuites, mais ne peuvent pas être tournées.","Pierwsze 5 kształtów w tym celu jest darmowe, ale nie można ich obracać.","De 5 første brikkene i dette målet er gratis, men kan ikke roteres.","As primeiras 5 formas deste objetivo são grátis, mas não podem ser rodadas.","As primeiras 5 formas deste objetivo são grátis, mas não podem ser rodadas.","Las primeras 5 figuras de este objetivo son gratis, pero no se pueden rotar.","Las primeras 5 piezas de este objetivo son gratis, pero no se pueden rotar.","Первые 5 фигур в этой цели бесплатны, но их нельзя вращать.",,この目標の最初の 5 個は無料ですが、回転できません。,이 목표의 첫 5개 블록은 무료지만 회전할 수 없습니다.,本目标的前 5 个方块免费，但不能旋转。,本目標的前 5 個方塊免費，但不能旋轉。
Card.Card_Future_Investment.Name,Future Investment,Zukunftsinvestition,Gelecek Yatırımı,Investimento futuro,Investissement futur,Inwestycja w przyszłość,Fremtidsinvestering,Investimento futuro,Investimento futuro,Inversión futura,Inversión futura,Инвестиция в будущее,,将来への投資,미래 투자,未来投资,未來投資
Card.Card_Future_Investment.Desc,Raises this Milestone's target by 20%. Clear it and the next target drops 15%.,"Erhöht das aktuelle Ziel um 20%. Schaffst du es, sinkt das nächste Ziel um 15%.",Bu hedefin skorunu %20 artırır. Geçersen sonraki hedef %15 düşer.,"Aumenta l'obiettivo attuale del 20%. Se ci riesci, il prossimo cala del 15%.","Augmente l'objectif actuel de 20%. Si vous réussissez, le suivant baisse de 15%.","Zwiększa obecny cel o 20%. Jeśli go osiągniesz, następny spada o 15%.","Øker dette målet med 20%. Klarer du det, synker neste mål med 15%.","Aumenta o objetivo atual em 20%. Se conseguires, o próximo desce 15%.","Aumenta o objetivo atual em 20%. Se conseguir, o próximo desce 15%.","Sube el objetivo actual un 20%. Si lo logras, el siguiente baja un 15%.","Sube el objetivo actual un 20%. Si lo logras, el siguiente baja un 15%.",Повышает текущую цель на 20%. Если пройдёте — следующая снизится на 15%.,,現在の目標を 20% 引き上げます。達成すると次の目標が 15% 下がります。,현재 목표를 20% 올립니다. 달성하면 다음 목표가 15% 낮아집니다.,当前目标提高 20%。若达成，下个目标降低 15%。,當前目標提高 20%。若達成，下個目標降低 15%。
Card.Card_Gambler.Name,Gambler,Spieler,Kumarbaz,Scommettitore,Joueur,Hazardzista,Gambler,Apostador,Apostador,Apostador,Apostador,Азартный игрок,,ギャンブラー,도박꾼,赌徒,賭徒
Card.Card_Gambler.Desc,Each placement has a 20% chance to double its score - or halve it.,"Jede Platzierung hat 20% Chance, die Punkte zu verdoppeln – oder zu halbieren.",Her yerleştirmenin %20 ihtimalle puanı ikiye katlanır - ya da yarıya iner.,"Ogni piazzamento ha il 20% di raddoppiare i punti, o dimezzarli.",Chaque placement a 20% de chances de doubler les points – ou de les diviser par deux.,Każde ułożenie ma 20% szans na podwojenie punktów – albo ich połowienie.,Hver plassering har 20% sjanse for å doble poengene – eller halvere dem.,"Cada colocação tem 20% de hipótese de duplicar os pontos, ou reduzi-los a metade.","Cada colocação tem 20% de chance de duplicar os pontos, ou reduzi-los a metade.","Cada colocación tiene un 20% de probabilidad de duplicar los puntos, o reducirlos a la mitad.","Cada colocación tiene un 20% de probabilidad de duplicar los puntos, o reducirlos a la mitad.",Каждая установка с шансом 20% удваивает очки — или уменьшает вдвое.,,配置ごとに 20% の確率で得点が 2 倍、または半分になります。,배치할 때마다 20% 확률로 점수가 2배 또는 절반이 됩니다.,每次放置有 20% 概率使分数翻倍——或减半。,每次放置有 20% 概率使分數翻倍——或減半。
Card.Card_Ghost_Drop.Name,Ghost Drop,Geisterwurf,Hayalet Düşüş,Caduta fantasma,Chute fantôme,Duchowy zrzut,Spøkelsesfall,Queda fantasma,Queda fantasma,Caída fantasma,Caída fantasma,Призрачный сброс,,ゴーストドロップ,고스트 드롭,幽灵放置,幽靈放置
Card.Card_Ghost_Drop.Desc,A shape placed touching nothing is free. Works 3 times per Milestone.,"Eine Form, die nichts berührt, ist kostenlos. Dreimal pro Ziel.",Hiçbir bloğa değmeden konan şekil havuzdan düşmez. Hedef başına 3 kez.,Una forma che non tocca nulla è gratuita. Tre volte per obiettivo.,Une forme qui ne touche rien est gratuite. Trois fois par objectif.,Kształt niedotykający niczego jest darmowy. Trzy razy na cel.,En brikke som ikke rører noe er gratis. Tre ganger per mål.,Uma forma que não toca em nada é grátis. Três vezes por objetivo.,Uma forma que não toca em nada é grátis. Três vezes por objetivo.,Una figura que no toca nada es gratis. Tres veces por objetivo.,Una pieza que no toca nada es gratis. Tres veces por objetivo.,"Фигура, не касающаяся ничего, бесплатна. Три раза за цель.",,何にも接していないブロックは無料。目標ごとに 3 回まで。,아무것도 닿지 않게 놓은 블록은 무료. 목표당 3회.,不接触任何方块的放置免费。每目标 3 次。,不接觸任何方塊的放置免費。每目標 3 次。
Card.Card_Heavy_Load.Name,Heavy Load,Schwere Last,Ağır Yük,Carico pesante,Lourde charge,Ciężki ładunek,Tung last,Carga pesada,Carga pesada,Carga pesada,Carga pesada,Тяжёлый груз,,重い荷物,무거운 짐,重负,重負
Card.Card_Heavy_Load.Desc,"Pool capacity +6 shapes, but global score multiplier -0.10.","Vorrat +6 Formen, aber globaler Punktemultiplikator -0,10.","Havuz kapasitesi +6 şekil, ama global skor çarpanı -0.10.","Riserva +6 forme, ma moltiplicatore globale -0,10.","Réserve +6 formes, mais multiplicateur de score global -0,10.","Pula +6 kształtów, ale globalny mnożnik punktów -0,10.","Beholdning +6 brikker, men global poengmultiplikator -0,10.","Reserva +6 formas, mas multiplicador global -0,10.","Reserva +6 formas, mas multiplicador global -0,10.","Reserva +6 figuras, pero multiplicador global -0,10.","Reserva +6 piezas, pero multiplicador global -0,10.","Запас +6 фигур, но общий множитель очков -0,10.",,ブロック所持数 +6、ただし全体スコア倍率 -0.10。,"블록 보유량 +6, 단 전체 점수 배율 -0.10.",方块储备 +6，但全局分数倍率 -0.10。,方塊儲備 +6，但全局分數倍率 -0.10。
Card.Card_Hoarder.Name,Hoarder,Hamsterer,İstifçi,Accumulatore,Accumulateur,Zbieracz,Samler,Acumulador,Acumulador,Acumulador,Acumulador,Накопитель,,溜め込み屋,비축가,囤积者,囤積者
Card.Card_Hoarder.Desc,Finish a Milestone with 15 or more shapes left to start the next one with +3 pool capacity.,"Beendest du ein Ziel mit 15 oder mehr Formen, startest du das nächste mit +3 Vorrat.","Bir hedefi 15 veya daha fazla şekil kalarak bitirirsen, sonrakine +3 havuz kapasitesiyle başlarsın.",Finisci un obiettivo con 15 o più forme per iniziare il prossimo con +3 di riserva.,Terminez un objectif avec 15 formes ou plus pour commencer le suivant avec +3 de réserve.,"Ukończ cel z 15 lub więcej kształtami, by zacząć następny z +3 puli.",Fullfør et mål med 15 eller flere brikker igjen for å starte neste med +3 beholdning.,Termina um objetivo com 15 ou mais formas para começar o próximo com +3 de reserva.,Termine um objetivo com 15 ou mais formas para começar o próximo com +3 de reserva.,Termina un objetivo con 15 o más figuras para empezar el siguiente con +3 de reserva.,Termina un objetivo con 15 o más piezas para empezar el siguiente con +3 de reserva.,"Завершите цель с 15+ фигурами, чтобы начать следующую с +3 к запасу.",,ブロックを 15 個以上残して目標を達成すると、次の目標を所持数 +3 で始めます。,블록을 15개 이상 남기고 목표를 달성하면 다음 목표를 보유량 +3으로 시작합니다.,以剩余 15 个及以上方块完成目标，下个目标储备 +3 开局。,以剩余 15 個及以上方塊完成目標，下個目標儲備 +3 開局。
Card.Card_Hyperfocus.Name,Hyper Focus,Hyperfokus,Aşırı Odak,Iperfocus,Hyperfocus,Hiperskupienie,Hyperfokus,Hiperfoco,Hiperfoco,Hiperenfoque,Hiperenfoque,Гиперфокус,,ハイパーフォーカス,초집중,超专注,超專注
Card.Card_Hyperfocus.Desc,"Combo multiplier grows twice as fast, but every combo reset costs 2 shapes.","Der Combo-Multiplikator wächst doppelt so schnell, aber jeder Combo-Reset kostet 2 Formen.","Kombo çarpanı iki kat hızlı büyür, ama her kombo sıfırlanması 2 şekile mal olur.","Il moltiplicatore combo cresce il doppio, ma ogni azzeramento costa 2 forme.","Le multiplicateur de combo croît deux fois plus vite, mais chaque réinitialisation coûte 2 formes.","Mnożnik kombo rośnie dwa razy szybciej, ale każdy reset kosztuje 2 kształty.","Kombomultiplikatoren vokser dobbelt så raskt, men hver komborestart koster 2 brikker.","O multiplicador de combo cresce o dobro, mas cada reinício custa 2 formas.","O multiplicador de combo cresce o dobro, mas cada reinício custa 2 formas.","El multiplicador de combo crece el doble de rápido, pero cada reinicio cuesta 2 figuras.","El multiplicador de combo crece el doble de rápido, pero cada reinicio cuesta 2 piezas.","Множитель комбо растёт вдвое быстрее, но каждый сброс стоит 2 фигуры.",,コンボ倍率の上昇が 2 倍になりますが、コンボが切れるたび 2 ブロック失います。,"콤보 배율이 2배 빠르게 오르지만, 콤보가 끊길 때마다 블록 2개를 잃습니다.",连击倍率增长翻倍，但每次连击中断损失 2 个方块。,連擊倍率增長翻倍，但每次連擊中斷損失 2 個方塊。
Card.Cart_Line_Master.Name,Line Master,Reihenmeister,Satır Ustası,Maestro delle righe,Maître des lignes,Mistrz rzędów,Radmester,Mestre das linhas,Mestre das linhas,Maestro de líneas,Maestro de líneas,Мастер строк,,ラインマスター,가로줄의 달인,横行大师,橫行大師
Card.Cart_Line_Master.Desc,Horizontal clears score 2.5x. Vertical clears score nothing but still hold the combo.,"Nur waagerechte Reihen geben Punkte (2,5x). Senkrechte geben keine Punkte, halten aber das Combo.",Yatay temizlikler 2.5x puan verir. Dikey temizlikler puan vermez ama komboyu korur.,"Solo le righe orizzontali danno punti (2,5x). Quelle verticali non danno punti ma mantengono il combo.","Seules les lignes horizontales rapportent des points (2,5x). Les verticales n'en donnent aucun mais maintiennent le combo.","Tylko poziome linie dają punkty (2,5x). Pionowe nie punktują, ale utrzymują kombo.","Bare vannrette linjer gir poeng (2,5x). Loddrette gir ingen poeng, men holder komboen.","Só as linhas horizontais dão pontos (2,5x). As verticais não pontuam mas mantêm o combo.","Só as linhas horizontais dão pontos (2,5x). As verticais não pontuam mas mantêm o combo.","Solo las líneas horizontales dan puntos (2,5x). Las verticales no puntúan pero mantienen el combo.","Solo las líneas horizontales dan puntos (2,5x). Las verticales no puntean pero mantienen el combo.","Очки дают только горизонтальные линии (2,5x). Вертикальные не дают очков, но сохраняют комбо.",,横のラインのみ 2.5 倍で得点。縦のラインは無得点ですがコンボは維持されます。,가로줄만 2.5배 점수를 줍니다. 세로줄은 점수가 없지만 콤보는 유지됩니다.,只有横行计分（2.5 倍）。竖列不计分但保持连击。,只有橫行計分（2.5 倍）。豎列不計分但保持連擊。
Card.Card_Momentum.Name,Momentum,Schwung,İvme,Slancio,Élan,Rozpęd,Momentum,Impulso,Impulso,Impulso,Impulso,Импульс,,勢い,기세,势头,勢頭
Card.Card_Momentum.Desc,Every line you clear adds +0.05 to your combo multiplier gain.,"Jede gelöschte Reihe erhöht deinen Combo-Zuwachs um 0,05.",Temizlediğin her satır kombo çarpanı kazancına +0.05 ekler.,"Ogni linea cancellata aumenta il guadagno combo di 0,05.","Chaque ligne effacée augmente votre gain de combo de 0,05.","Każda wyczyszczona linia zwiększa przyrost kombo o 0,05.","Hver linje du fjerner gir +0,05 til komboøkningen.","Cada linha limpa aumenta o ganho de combo em 0,05.","Cada linha limpa aumenta o ganho de combo em 0,05.","Cada línea limpiada aumenta tu ganancia de combo en 0,05.","Cada línea limpiada aumenta tu ganancia de combo en 0,05.","Каждая очищенная линия увеличивает прирост комбо на 0,05.",,ライン消去ごとにコンボ増加量が +0.05 されます。,줄을 지울 때마다 콤보 증가량이 +0.05 됩니다.,每消除一行，连击增益 +0.05。,每消除一行，連擊增益 +0.05。
Card.Card_Momentum_Shield.Name,Momentum Shield,Schwungschild,İvme Kalkanı,Scudo di slancio,Bouclier d'élan,Tarcza rozpędu,Momentumskjold,Escudo de impulso,Escudo de impulso,Escudo de impulso,Escudo de impulso,Щит импульса,,モメンタムシールド,모멘텀 실드,势头护盾,勢頭護盾
Card.Card_Momentum_Shield.Desc,"At 3x combo or higher, an unplaceable shape vanishes instead of ending the run. Your combo drops to minimum.","Ab 3x Combo verschwindet eine unplatzierbare Form, statt den Lauf zu beenden. Dein Combo fällt auf das Minimum.","Kombon 3x veya üstündeyken yerleştirilemeyen şekil turu bitirmez, yok olur. Kombon en düşük değere iner.","Con combo 3x o più, una forma non piazzabile svanisce invece di finire la run. Il combo scende al minimo.","À partir de 3x combo, une forme improuvable disparaît au lieu de terminer la partie. Votre combo tombe au minimum.",Przy kombo 3x lub wyższym kształt bez miejsca znika zamiast kończyć grę. Kombo spada do minimum.,"Ved 3x kombo eller mer forsvinner en brikke som ikke passer, i stedet for at runden slutter. Komboen faller til minimum.","Com combo 3x ou mais, uma forma sem espaço desaparece em vez de terminar a jornada. O combo desce ao mínimo.","Com combo 3x ou mais, uma forma sem espaço desaparece em vez de terminar a jornada. O combo desce ao mínimo.","Con combo 3x o más, una figura que no cabe desaparece en vez de terminar la partida. Tu combo baja al mínimo.","Con combo 3x o más, una pieza que no cabe desaparece en vez de terminar la partida. Tu combo baja al mínimo.",При комбо 3x и выше неразмещаемая фигура исчезает вместо конца забега. Комбо падает до минимума.,,コンボ 3x 以上なら、置けないブロックはゲーム終了ではなく消滅します。コンボは最小値まで下がります。,콤보 3x 이상이면 놓을 수 없는 블록이 게임을 끝내는 대신 사라집니다. 콤보는 최솟값으로 떨어집니다.,连击达 3x 以上时，无法放置的方块会消失而非结束游戏。连击降至最低值。,連擊達 3x 以上時，無法放置的方塊會消失而非結束遊戲。連擊降至最低值。
Card.Card_Neon_Cable.Name,Neon Cable,Neonkabel,Neon Kablo,Cavo al neon,Câble néon,Neonowy kabel,Neonkabel,Cabo de néon,Cabo de néon,Cable de neón,Cable de neón,Неоновый кабель,,ネオンケーブル,네온 케이블,霓虹电缆,霓虹電纜
Card.Card_Neon_Cable.Desc,Two linked tiles appear on the board. Clearing one detonates the other and its neighbours for score. They move with every new draw.,"Zwei verbundene Felder erscheinen. Wird eines geräumt, explodiert das andere samt Umgebung und gibt Punkte. Sie wechseln bei jedem neuen Satz.",Tahtada birbirine bağlı iki hücre belirir. Birini temizlemek diğerini ve çevresini puan vererek patlatır. Her yeni şekil çekilişinde yer değiştirirler.,Appaiono due celle collegate. Pulirne una fa esplodere l'altra e le vicine dando punti. Cambiano a ogni nuova estrazione.,Deux cases reliées apparaissent. En nettoyer une fait exploser l'autre et ses voisines pour des points. Elles changent à chaque nouveau tirage.,"Pojawiają się dwa połączone pola. Wyczyszczenie jednego wysadza drugie wraz z sąsiadami, dając punkty. Zmieniają się przy każdym losowaniu.","To sammenkoblede ruter dukker opp. Fjerner du den ene, eksploderer den andre med naboene og gir poeng. De flytter seg ved hvert nye trekk.","Aparecem duas células ligadas. Limpar uma faz explodir a outra e as vizinhas, dando pontos. Mudam a cada novo conjunto.","Aparecem duas células ligadas. Limpar uma faz explodir a outra e as vizinhas, dando pontos. Mudam a cada novo conjunto.",Aparecen dos casillas enlazadas. Limpiar una hace explotar la otra y sus vecinas dando puntos. Cambian con cada nueva tirada.,Aparecen dos casillas enlazadas. Limpiar una hace explotar la otra y sus vecinas dando puntos. Cambian con cada nueva tirada.,"Появляются две связанные клетки. Очистка одной взрывает вторую с соседями, давая очки. Они меняются с каждым новым набором.",,連結された 2 マスが出現。片方を消すともう片方と周囲が爆発して得点になります。新しいブロックを引くたびに位置が変わります。,연결된 두 칸이 나타납니다. 한쪽을 지우면 다른 쪽과 주변이 폭발해 점수를 줍니다. 새 블록을 뽑을 때마다 위치가 바뀝니다.,出现两个相连的格子。消除其一会引爆另一个及其周围并得分。每次抽取新方块时位置改变。,出現兩個相連的格子。消除其一會引爆另一個及其周圍並得分。每次抽取新方塊時位置改變。
Card.Card_Patient.Name,Patient,Geduldig,Sabırlı,Paziente,Patient,Cierpliwy,Tålmodig,Paciente,Paciente,Paciente,Paciente,Терпеливый,,忍耐,인내심,耐心,耐心
Card.Card_Patient.Desc,"After 3 placements without a clear, your next clear scores double.",Nach 3 Zügen ohne Reihe gibt die nächste Reihe doppelte Punkte.,"Temizlik yapmadan 3 hamle sonra, sıradaki temizliğin iki kat puan verir.","Dopo 3 piazzamenti senza linee, la prossima linea vale il doppio.","Après 3 placements sans ligne, la prochaine ligne rapporte double.",Po 3 ruchach bez linii następna linia daje podwójne punkty.,Etter 3 plasseringer uten linje gir neste linje dobbelt poeng.,"Após 3 colocações sem linha, a próxima linha vale a dobrar.","Após 3 colocações sem linha, a próxima linha vale a dobrar.","Tras 3 colocaciones sin línea, la siguiente línea puntúa el doble.","Tras 3 colocaciones sin línea, la siguiente línea puntea el doble.",После 3 ходов без линии следующая линия даёт двойные очки.,,ライン消去なしで 3 手経つと、次の消去が 2 倍得点になります。,줄을 지우지 않고 3수가 지나면 다음 줄 제거가 2배 점수를 줍니다.,连续 3 次放置未消行后，下次消行得分翻倍。,連續 3 次放置未消行後，下次消行得分翻倍。
Card.Card_Perfect_Clear.Name,Perfect Clear,Perfekte Räumung,Mükemmel Temizlik,Pulizia perfetta,Nettoyage parfait,Perfekcyjne czyszczenie,Perfekt rydding,Limpeza perfeita,Limpeza perfeita,Limpieza perfecta,Limpieza perfecta,Идеальная очистка,,パーフェクトクリア,퍼펙트 클리어,完美清除,完美清除
Card.Card_Perfect_Clear.Desc,Emptying the entire board grants +100 Blockcoins and +2 combo.,Das Leeren des gesamten Feldes bringt +100 Blockcoins und +2 Combo.,Tahtayı tamamen boşaltmak +100 Blockcoin ve +2 kombo verir.,Svuotare tutto il tabellone dà +100 Blockcoin e +2 combo.,Vider entièrement le plateau donne +100 Blockcoins et +2 combo.,Wyczyszczenie całej planszy daje +100 Blockcoinów i +2 kombo.,Å tømme hele brettet gir +100 Blockcoins og +2 kombo.,Esvaziar todo o tabuleiro dá +100 Blockcoins e +2 de combo.,Esvaziar todo o tabuleiro dá +100 Blockcoins e +2 de combo.,Vaciar todo el tablero da +100 Blockcoins y +2 de combo.,Vaciar todo el tablero da +100 Blockcoins y +2 de combo.,Полная очистка поля даёт +100 Blockcoin и +2 к комбо.,,盤面を完全に空にすると +100 Blockcoin と +2 コンボ。,판을 완전히 비우면 +100 Blockcoin과 +2 콤보.,清空整个棋盘获得 +100 Blockcoin 和 +2 连击。,清空整個棋盤獲得 +100 Blockcoin 和 +2 連擊。
Card.Card_Phantom_Cell.Name,Phantom Cell,Phantomzelle,Hayalet Hücre,Cella fantasma,Cellule fantôme,Widmowa komórka,Fantomcelle,Célula fantasma,Célula fantasma,Celda fantasma,Celda fantasma,Фантомная клетка,,ファントムセル,팬텀 셀,幻影格,幻影格
Card.Card_Phantom_Cell.Desc,A blocked tile counts as filled for line clears but scores nothing. It relocates each time its line is cleared.,"Ein gesperrtes Feld zählt beim Reihenlöschen als gefüllt, gibt aber keine Punkte. Es wandert nach jeder Löschung.",Kapalı bir hücre satır temizliğinde dolu sayılır ama puan vermez. Bulunduğu satır temizlenince yer değiştirir.,Una cella bloccata conta come piena per le linee ma non dà punti. Si sposta dopo ogni pulizia.,Une case bloquée compte comme remplie pour les lignes mais ne rapporte rien. Elle se déplace après chaque nettoyage.,"Zablokowane pole liczy się jako pełne przy liniach, ale nie punktuje. Po każdym czyszczeniu się przenosi.","En sperret rute teller som fylt for linjer, men gir ingen poeng. Den flytter seg etter hver fjerning.",Uma célula bloqueada conta como cheia nas linhas mas não pontua. Muda de sítio após cada limpeza.,Uma célula bloqueada conta como cheia nas linhas mas não pontua. Muda de sítio após cada limpeza.,Una casilla bloqueada cuenta como llena para las líneas pero no puntúa. Se mueve tras cada limpieza.,Una casilla bloqueada cuenta como llena para las líneas pero no puntea. Se mueve tras cada limpieza.,"Заблокированная клетка считается заполненной для линий, но не даёт очков. После каждой очистки перемещается.",,封鎖マスはライン判定では埋まっている扱いですが得点にはなりません。消去のたび別の場所へ移動します。,막힌 칸은 줄 판정에서 채워진 것으로 치지만 점수는 없습니다. 제거될 때마다 다른 곳으로 이동합니다.,封锁格在消行判定中算作已填充，但不计分。每次消除后会移动位置。,封鎖格在消行判定中算作已填充，但不計分。每次消除後會移動位置。
Card.Card_Safe_Zone.Name,Safe Zone,Sichere Zone,Güvenli Bölge,Zona sicura,Zone sûre,Strefa bezpieczna,Trygg sone,Zona segura,Zona segura,Zona segura,Zona segura,Безопасная зона,,セーフゾーン,안전지대,安全区,安全區
Card.Card_Safe_Zone.Desc,Cover the marked tile to keep your combo from falling below 2x. Clearing that tile costs you 8 shapes.,"Bedecke das markierte Feld, damit dein Combo nicht unter 2x fällt. Wird es geräumt, kostet es 8 Formen.",İşaretli hücreyi kapatmak kombonun 2x altına inmesini engeller. O hücreyi temizlemek 8 şekile mal olur.,Copri la cella segnata perché il combo non scenda sotto 2x. Pulirla costa 8 forme.,Couvrez la case marquée pour empêcher le combo de descendre sous 2x. La nettoyer coûte 8 formes.,"Zakryj oznaczone pole, aby kombo nie spadło poniżej 2x. Wyczyszczenie go kosztuje 8 kształtów.","Dekk den merkede ruten så komboen ikke faller under 2x. Fjernes ruten, koster det 8 brikker.",Cobre a célula marcada para o combo não descer abaixo de 2x. Limpá-la custa 8 formas.,Cubra a célula marcada para o combo não descer abaixo de 2x. Limpá-la custa 8 formas.,Cubre la casilla marcada para que el combo no baje de 2x. Limpiarla cuesta 8 figuras.,Cubre la casilla marcada para que el combo no baje de 2x. Limpiarla cuesta 8 piezas.,"Закройте отмеченную клетку, чтобы комбо не падало ниже 2x. Её очистка стоит 8 фигур.",,印のマスを覆うとコンボが 2x 未満に下がりません。そのマスを消すと 8 ブロック失います。,표시된 칸을 덮으면 콤보가 2x 아래로 내려가지 않습니다. 그 칸을 지우면 블록 8개를 잃습니다.,覆盖标记格可防止连击跌破 2x。消除该格将损失 8 个方块。,覆蓋標記格可防止連擊跌破 2x。消除該格將損失 8 個方塊。
Card.Card_Score_Multiplier.Name,Score Multiplier,Punktemultiplikator,Skor Çarpanı,Moltiplicatore punti,Multiplicateur de score,Mnożnik punktów,Poengmultiplikator,Multiplicador de pontos,Multiplicador de pontos,Multiplicador de puntos,Multiplicador de puntos,Множитель очков,,スコア倍率,점수 배율,分数倍率,分數倍率
Card.Card_Score_Multiplier.Desc,All score you earn is increased by 10%.,Alle erhaltenen Punkte steigen um 10%.,Kazandığın tüm skor %10 artar.,Tutti i punti guadagnati aumentano del 10%.,Tous les points gagnés augmentent de 10%.,Wszystkie zdobywane punkty rosną o 10%.,Alle poeng du får økes med 10%.,Todos os pontos ganhos aumentam 10%.,Todos os pontos ganhos aumentam 10%.,Toda la puntuación que ganas aumenta un 10%.,Todo el puntaje que ganas aumenta un 10%.,Все получаемые очки увеличиваются на 10%.,,獲得する得点がすべて 10% 増加します。,획득하는 모든 점수가 10% 증가합니다.,所有获得的分数提高 10%。,所有獲得的分數提高 10%。
Card.Card_Selective_Blindness.Name,Selective Blindness,Selektive Blindheit,Seçici Körlük,Cecità selettiva,Cécité sélective,Wybiórcza ślepota,Selektiv blindhet,Cegueira seletiva,Cegueira seletiva,Ceguera selectiva,Ceguera selectiva,Избирательная слепота,,選択的盲目,선택적 실명,选择性失明,選擇性失明
Card.Card_Selective_Blindness.Desc,Single-line clears score 2x and remove 2 random blocks. Clearing 2 or more lines scores nothing.,Einzelne Reihen geben doppelte Punkte und entfernen 2 zufällige Steine. 2 oder mehr Reihen geben nichts.,Tek satır temizliği 2x puan verir ve rastgele 2 bloğu siler. 2 veya daha fazla satır temizlemek hiç puan vermez.,Una singola linea vale il doppio e rimuove 2 blocchi casuali. Due o più linee non danno nulla.,Une seule ligne rapporte double et retire 2 blocs au hasard. Deux lignes ou plus ne rapportent rien.,Pojedyncza linia daje podwójne punkty i usuwa 2 losowe bloki. Dwie lub więcej linii nie punktują.,Én enkelt linje gir dobbelt poeng og fjerner 2 tilfeldige brikker. To eller flere linjer gir ingenting.,Uma única linha vale a dobrar e remove 2 blocos aleatórios. Duas ou mais linhas não pontuam.,Uma única linha vale a dobrar e remove 2 blocos aleatórios. Duas ou mais linhas não pontuam.,Una sola línea puntúa el doble y elimina 2 bloques al azar. Dos o más líneas no puntúan.,Una sola línea puntea el doble y elimina 2 bloques al azar. Dos o más líneas no puntean.,Одиночная линия даёт двойные очки и убирает 2 случайных блока. Две и более линий не дают очков.,,1 ライン消しは 2 倍得点＋ランダムに 2 ブロック除去。2 ライン以上は得点なし。,한 줄만 지우면 2배 점수와 무작위 블록 2개 제거. 두 줄 이상은 점수가 없습니다.,单行消除得双倍分并随机移除 2 个方块。同时消除 2 行及以上不得分。,單行消除得雙倍分並隨機移除 2 個方塊。同時消除 2 行及以上不得分。
Card.Card_Slow_Burn.Name,Slow Burn,Langsames Feuer,Yavaş Yanış,Combustione lenta,Combustion lente,Powolne spalanie,Langsom brann,Combustão lenta,Combustão lenta,Combustión lenta,Combustión lenta,Медленное горение,,スロウバーン,슬로우 번,慢燃,慢燃
Card.Card_Slow_Burn.Desc,"The first 5 shapes score half, but the last 10 shapes in the pool score triple.","Die ersten 5 Formen geben halbe Punkte, die letzten 10 im Vorrat dreifache.","İlk 5 şekil yarım puan verir, ama havuzdaki son 10 şekil üç kat puan verir.","Le prime 5 forme valgono metà, le ultime 10 della riserva il triplo.","Les 5 premières formes rapportent moitié moins, les 10 dernières de la réserve triple.","Pierwsze 5 kształtów daje połowę punktów, ostatnie 10 z puli – potrójne.","De 5 første brikkene gir halve poeng, de 10 siste i beholdningen gir tredobbelt.","As primeiras 5 formas valem metade; as últimas 10 da reserva, o triplo.","As primeiras 5 formas valem metade; as últimas 10 da reserva, o triplo.","Las primeras 5 figuras puntúan la mitad; las últimas 10 de la reserva, el triple.","Las primeras 5 piezas puntean la mitad; las últimas 10 de la reserva, el triple.","Первые 5 фигур дают половину очков, последние 10 в запасе — тройные.",,最初の 5 個は得点半減、所持ブロックの最後の 10 個は 3 倍になります。,"처음 5개는 점수 절반, 보유 블록의 마지막 10개는 3배가 됩니다.",前 5 个方块得分减半，储备中最后 10 个方块得分三倍。,前 5 個方塊得分減半，儲備中最後 10 個方塊得分三倍。
Card.Card_Soft_Landing.Name,Soft Landing,Sanfte Landung,Yumuşak İniş,Atterraggio morbido,Atterrissage en douceur,Miękkie lądowanie,Myk landing,Aterragem suave,Aterragem suave,Aterrizaje suave,Aterrizaje suave,Мягкая посадка,,ソフトランディング,소프트 랜딩,软着陆,軟著陸
Card.Card_Soft_Landing.Desc,"On a combo reset, the multiplier halves instead of dropping to minimum.","Beim Combo-Reset halbiert sich der Multiplikator, statt auf das Minimum zu fallen.",Kombo sıfırlandığında çarpan en düşük değere düşmek yerine yarıya iner.,"Quando il combo si azzera, il moltiplicatore si dimezza invece di scendere al minimo.","Lors d'une réinitialisation de combo, le multiplicateur est divisé par deux au lieu de tomber au minimum.",Przy resecie kombo mnożnik spada o połowę zamiast do minimum.,Ved komborestart halveres multiplikatoren i stedet for å falle til minimum.,"Quando o combo reinicia, o multiplicador reduz-se a metade em vez de cair ao mínimo.","Quando o combo reinicia, o multiplicador reduz-se a metade em vez de cair ao mínimo.","Al reiniciarse el combo, el multiplicador se reduce a la mitad en vez de caer al mínimo.","Al reiniciarse el combo, el multiplicador se reduce a la mitad en vez de caer al mínimo.","При сбросе комбо множитель уменьшается вдвое, а не падает до минимума.",,コンボが切れたとき、倍率は最小値ではなく半分になります。,콤보가 끊길 때 배율이 최솟값이 아닌 절반으로 줄어듭니다.,连击中断时倍率减半，而非跌至最低值。,連擊中斷時倍率減半，而非跌至最低值。
Card.Cart_Tunnel_Vision.Name,Tunnel Vision,Tunnelblick,Tünel Görüşü,Visione a tunnel,Vision tunnel,Widzenie tunelowe,Tunnelsyn,Visão de túnel,Visão de túnel,Visión de túnel,Visión de túnel,Туннельное зрение,,トンネルビジョン,터널 시야,隧道视野,隧道視野
Card.Cart_Tunnel_Vision.Desc,Vertical clears score 2.5x. Horizontal clears score nothing but still hold the combo.,"Nur senkrechte Reihen geben Punkte (2,5x). Waagerechte geben keine Punkte, halten aber das Combo.",Dikey temizlikler 2.5x puan verir. Yatay temizlikler puan vermez ama komboyu korur.,"Solo le colonne danno punti (2,5x). Le righe orizzontali non danno punti ma mantengono il combo.","Seules les colonnes rapportent des points (2,5x). Les lignes horizontales n'en donnent aucun mais maintiennent le combo.","Tylko pionowe linie dają punkty (2,5x). Poziome nie punktują, ale utrzymują kombo.","Bare loddrette linjer gir poeng (2,5x). Vannrette gir ingen poeng, men holder komboen.","Só as colunas dão pontos (2,5x). As linhas horizontais não pontuam mas mantêm o combo.","Só as colunas dão pontos (2,5x). As linhas horizontais não pontuam mas mantêm o combo.","Solo las columnas dan puntos (2,5x). Las líneas horizontales no puntúan pero mantienen el combo.","Solo las columnas dan puntos (2,5x). Las líneas horizontales no puntean pero mantienen el combo.","Очки дают только вертикальные линии (2,5x). Горизонтальные не дают очков, но сохраняют комбо.",,縦のラインのみ 2.5 倍で得点。横のラインは無得点ですがコンボは維持されます。,세로줄만 2.5배 점수를 줍니다. 가로줄은 점수가 없지만 콤보는 유지됩니다.,只有竖列计分（2.5 倍）。横行不计分但保持连击。,只有豎列計分（2.5 倍）。橫行不計分但保持連擊。
Card.Card_Wide_Pool.Name,Wide Pool,Großer Vorrat,Geniş Havuz,Riserva ampia,Grande réserve,Szeroka pula,Stor beholdning,Reserva ampla,Reserva ampla,Reserva amplia,Reserva amplia,Большой запас,,ワイドプール,넓은 풀,扩容池,擴容池
Card.Card_Wide_Pool.Desc,Maximum pool capacity is increased by 6 shapes.,Der maximale Vorrat steigt um 6 Formen.,Maksimum havuz kapasitesi 6 şekil artar.,La riserva massima aumenta di 6 forme.,La réserve maximale augmente de 6 formes.,Maksymalna pula rośnie o 6 kształtów.,Maksimal beholdning økes med 6 brikker.,A reserva máxima aumenta em 6 formas.,A reserva máxima aumenta em 6 formas.,La reserva máxima aumenta en 6 figuras.,La reserva máxima aumenta en 6 piezas.,Максимальный запас увеличивается на 6 фигур.,,最大所持ブロック数が 6 増えます。,최대 보유 블록 수가 6 증가합니다.,方块储备上限增加 6 个。,方塊儲備上限增加 6 個。
Card.Card_Shape_4gen.Name,4Gen,4Gen,4Gen,4Gen,4Gen,4Gen,4Gen,4Gen,4Gen,4Gen,4Gen,4Gen,,4Gen,4Gen,4Gen,4Gen
Card.Card_Shape_4gen.Desc,"4Gen tiles score +2, but 4Gen appears 5% less often.","4Gen-Steine geben +2 Punkte, aber 4Gen erscheint 5% seltener.","4Gen blokları +2 puan verir, ama 4Gen %5 daha az çıkar.","I blocchi 4Gen danno +2 punti, ma 4Gen appare il 5% in meno.","Les cases 4Gen donnent +2 points, mais 4Gen apparaît 5% moins souvent.","Bloki 4Gen dają +2 punktów, ale 4Gen pojawia się o 5% rzadziej.","4Gen-brikker gir +2 poeng, men 4Gen dukker opp 5% sjeldnere.","Os blocos 4Gen dão +2 pontos, mas 4Gen aparece 5% menos.","Os blocos 4Gen dão +2 pontos, mas 4Gen aparece 5% menos.","Los bloques 4Gen dan +2 puntos, pero 4Gen aparece un 5% menos.","Los bloques 4Gen dan +2 puntos, pero 4Gen aparece un 5% menos.","Блоки 4Gen дают +2 очков, но 4Gen выпадает на 5% реже.",,4Gen のブロックは +2 点、ただし 4Gen の出現率が 5% 下がります。,"4Gen 블록은 +2점, 단 4Gen의 출현 확률이 5% 낮아집니다.",4Gen 方块 +2 分，但 4Gen 的出现率降低 5%。,4Gen 方塊 +2 分，但 4Gen 的出現率降低 5%。
Card.Card_Shape_6Sq.Name,6Square,6-Quadrat,6Kare,6 quadrati,6 carrés,6 kwadratów,6-firkant,6 quadrados,6 quadrados,6 cuadros,6 cuadros,6 квадратов,,6スクエア,6칸 사각,6格方块,6格方塊
Card.Card_Shape_6Sq.Desc,"6Square tiles score +2, but 6Square appears 5% less often.","6-Quadrat-Steine geben +2 Punkte, aber 6-Quadrat erscheint 5% seltener.","6Kare blokları +2 puan verir, ama 6Kare %5 daha az çıkar.","I blocchi 6 quadrati danno +2 punti, ma 6 quadrati appare il 5% in meno.","Les cases 6 carrés donnent +2 points, mais 6 carrés apparaît 5% moins souvent.","Bloki 6 kwadratów dają +2 punktów, ale 6 kwadratów pojawia się o 5% rzadziej.","6-firkant-brikker gir +2 poeng, men 6-firkant dukker opp 5% sjeldnere.","Os blocos 6 quadrados dão +2 pontos, mas 6 quadrados aparece 5% menos.","Os blocos 6 quadrados dão +2 pontos, mas 6 quadrados aparece 5% menos.","Los bloques 6 cuadros dan +2 puntos, pero 6 cuadros aparece un 5% menos.","Los bloques 6 cuadros dan +2 puntos, pero 6 cuadros aparece un 5% menos.","Блоки 6 квадратов дают +2 очков, но 6 квадратов выпадает на 5% реже.",,6スクエア のブロックは +2 点、ただし 6スクエア の出現率が 5% 下がります。,"6칸 사각 블록은 +2점, 단 6칸 사각의 출현 확률이 5% 낮아집니다.",6格方块 方块 +2 分，但 6格方块 的出现率降低 5%。,6格方塊 方塊 +2 分，但 6格方塊 的出現率降低 5%。
Card.Card_Shape_C.Name,C,C,C,C,C,C,C,C,C,C,C,C,,C,C,C,C
Card.Card_Shape_C.Desc,"C tiles score +4, but C appears 8% less often.","C-Steine geben +4 Punkte, aber C erscheint 8% seltener.","C blokları +4 puan verir, ama C %8 daha az çıkar.","I blocchi C danno +4 punti, ma C appare il 8% in meno.","Les cases C donnent +4 points, mais C apparaît 8% moins souvent.","Bloki C dają +4 punktów, ale C pojawia się o 8% rzadziej.","C-brikker gir +4 poeng, men C dukker opp 8% sjeldnere.","Os blocos C dão +4 pontos, mas C aparece 8% menos.","Os blocos C dão +4 pontos, mas C aparece 8% menos.","Los bloques C dan +4 puntos, pero C aparece un 8% menos.","Los bloques C dan +4 puntos, pero C aparece un 8% menos.","Блоки C дают +4 очков, но C выпадает на 8% реже.",,C のブロックは +4 点、ただし C の出現率が 8% 下がります。,"C 블록은 +4점, 단 C의 출현 확률이 8% 낮아집니다.",C 方块 +4 分，但 C 的出现率降低 8%。,C 方塊 +4 分，但 C 的出現率降低 8%。
Card.Card_Shape_Cross.Name,Cross,Kreuz,Artı,Croce,Croix,Krzyż,Kryss,Cruz,Cruz,Cruz,Cruz,Крест,,クロス,십자,十字,十字
Card.Card_Shape_Cross.Desc,"Cross tiles score +2, but Cross appears 3% less often.","Kreuz-Steine geben +2 Punkte, aber Kreuz erscheint 3% seltener.","Artı blokları +2 puan verir, ama Artı %3 daha az çıkar.","I blocchi Croce danno +2 punti, ma Croce appare il 3% in meno.","Les cases Croix donnent +2 points, mais Croix apparaît 3% moins souvent.","Bloki Krzyż dają +2 punktów, ale Krzyż pojawia się o 3% rzadziej.","Kryss-brikker gir +2 poeng, men Kryss dukker opp 3% sjeldnere.","Os blocos Cruz dão +2 pontos, mas Cruz aparece 3% menos.","Os blocos Cruz dão +2 pontos, mas Cruz aparece 3% menos.","Los bloques Cruz dan +2 puntos, pero Cruz aparece un 3% menos.","Los bloques Cruz dan +2 puntos, pero Cruz aparece un 3% menos.","Блоки Крест дают +2 очков, но Крест выпадает на 3% реже.",,クロス のブロックは +2 点、ただし クロス の出現率が 3% 下がります。,"십자 블록은 +2점, 단 십자의 출현 확률이 3% 낮아집니다.",十字 方块 +2 分，但 十字 的出现率降低 3%。,十字 方塊 +2 分，但 十字 的出現率降低 3%。
Card.Card_Shape_Dot.Name,Dot,Punkt,Nokta,Punto,Point,Kropka,Prikk,Ponto,Ponto,Punto,Punto,Точка,,ドット,점,点,點
Card.Card_Shape_Dot.Desc,"Dot tiles score +8, but Dot appears 3% less often.","Punkt-Steine geben +8 Punkte, aber Punkt erscheint 3% seltener.","Nokta blokları +8 puan verir, ama Nokta %3 daha az çıkar.","I blocchi Punto danno +8 punti, ma Punto appare il 3% in meno.","Les cases Point donnent +8 points, mais Point apparaît 3% moins souvent.","Bloki Kropka dają +8 punktów, ale Kropka pojawia się o 3% rzadziej.","Prikk-brikker gir +8 poeng, men Prikk dukker opp 3% sjeldnere.","Os blocos Ponto dão +8 pontos, mas Ponto aparece 3% menos.","Os blocos Ponto dão +8 pontos, mas Ponto aparece 3% menos.","Los bloques Punto dan +8 puntos, pero Punto aparece un 3% menos.","Los bloques Punto dan +8 puntos, pero Punto aparece un 3% menos.","Блоки Точка дают +8 очков, но Точка выпадает на 3% реже.",,ドット のブロックは +8 点、ただし ドット の出現率が 3% 下がります。,"점 블록은 +8점, 단 점의 출현 확률이 3% 낮아집니다.",点 方块 +8 分，但 点 的出现率降低 3%。,點 方塊 +8 分，但 點 的出現率降低 3%。
Card.Card_Shape_I3.Name,I3,I3,I3,I3,I3,I3,I3,I3,I3,I3,I3,I3,,I3,I3,I3,I3
Card.Card_Shape_I3.Desc,"I3 tiles score +2, but I3 appears 5% less often.","I3-Steine geben +2 Punkte, aber I3 erscheint 5% seltener.","I3 blokları +2 puan verir, ama I3 %5 daha az çıkar.","I blocchi I3 danno +2 punti, ma I3 appare il 5% in meno.","Les cases I3 donnent +2 points, mais I3 apparaît 5% moins souvent.","Bloki I3 dają +2 punktów, ale I3 pojawia się o 5% rzadziej.","I3-brikker gir +2 poeng, men I3 dukker opp 5% sjeldnere.","Os blocos I3 dão +2 pontos, mas I3 aparece 5% menos.","Os blocos I3 dão +2 pontos, mas I3 aparece 5% menos.","Los bloques I3 dan +2 puntos, pero I3 aparece un 5% menos.","Los bloques I3 dan +2 puntos, pero I3 aparece un 5% menos.","Блоки I3 дают +2 очков, но I3 выпадает на 5% реже.",,I3 のブロックは +2 点、ただし I3 の出現率が 5% 下がります。,"I3 블록은 +2점, 단 I3의 출현 확률이 5% 낮아집니다.",I3 方块 +2 分，但 I3 的出现率降低 5%。,I3 方塊 +2 分，但 I3 的出現率降低 5%。
Card.Card_Shape_I4.Name,I4,I4,I4,I4,I4,I4,I4,I4,I4,I4,I4,I4,,I4,I4,I4,I4
Card.Card_Shape_I4.Desc,"I4 tiles score +2, but I4 appears 7% less often.","I4-Steine geben +2 Punkte, aber I4 erscheint 7% seltener.","I4 blokları +2 puan verir, ama I4 %7 daha az çıkar.","I blocchi I4 danno +2 punti, ma I4 appare il 7% in meno.","Les cases I4 donnent +2 points, mais I4 apparaît 7% moins souvent.","Bloki I4 dają +2 punktów, ale I4 pojawia się o 7% rzadziej.","I4-brikker gir +2 poeng, men I4 dukker opp 7% sjeldnere.","Os blocos I4 dão +2 pontos, mas I4 aparece 7% menos.","Os blocos I4 dão +2 pontos, mas I4 aparece 7% menos.","Los bloques I4 dan +2 puntos, pero I4 aparece un 7% menos.","Los bloques I4 dan +2 puntos, pero I4 aparece un 7% menos.","Блоки I4 дают +2 очков, но I4 выпадает на 7% реже.",,I4 のブロックは +2 点、ただし I4 の出現率が 7% 下がります。,"I4 블록은 +2점, 단 I4의 출현 확률이 7% 낮아집니다.",I4 方块 +2 分，但 I4 的出现率降低 7%。,I4 方塊 +2 分，但 I4 的出現率降低 7%。
Card.Card_Shape_J.Name,J,J,J,J,J,J,J,J,J,J,J,J,,J,J,J,J
Card.Card_Shape_J.Desc,"J tiles score +5, but J appears 7% less often.","J-Steine geben +5 Punkte, aber J erscheint 7% seltener.","J blokları +5 puan verir, ama J %7 daha az çıkar.","I blocchi J danno +5 punti, ma J appare il 7% in meno.","Les cases J donnent +5 points, mais J apparaît 7% moins souvent.","Bloki J dają +5 punktów, ale J pojawia się o 7% rzadziej.","J-brikker gir +5 poeng, men J dukker opp 7% sjeldnere.","Os blocos J dão +5 pontos, mas J aparece 7% menos.","Os blocos J dão +5 pontos, mas J aparece 7% menos.","Los bloques J dan +5 puntos, pero J aparece un 7% menos.","Los bloques J dan +5 puntos, pero J aparece un 7% menos.","Блоки J дают +5 очков, но J выпадает на 7% реже.",,J のブロックは +5 点、ただし J の出現率が 7% 下がります。,"J 블록은 +5점, 단 J의 출현 확률이 7% 낮아집니다.",J 方块 +5 分，但 J 的出现率降低 7%。,J 方塊 +5 分，但 J 的出現率降低 7%。
Card.Card_Shape_L.Name,L,L,L,L,L,L,L,L,L,L,L,L,,L,L,L,L
Card.Card_Shape_L.Desc,"L tiles score +5, but L appears 10% less often.","L-Steine geben +5 Punkte, aber L erscheint 10% seltener.","L blokları +5 puan verir, ama L %10 daha az çıkar.","I blocchi L danno +5 punti, ma L appare il 10% in meno.","Les cases L donnent +5 points, mais L apparaît 10% moins souvent.","Bloki L dają +5 punktów, ale L pojawia się o 10% rzadziej.","L-brikker gir +5 poeng, men L dukker opp 10% sjeldnere.","Os blocos L dão +5 pontos, mas L aparece 10% menos.","Os blocos L dão +5 pontos, mas L aparece 10% menos.","Los bloques L dan +5 puntos, pero L aparece un 10% menos.","Los bloques L dan +5 puntos, pero L aparece un 10% menos.","Блоки L дают +5 очков, но L выпадает на 10% реже.",,L のブロックは +5 点、ただし L の出現率が 10% 下がります。,"L 블록은 +5점, 단 L의 출현 확률이 10% 낮아집니다.",L 方块 +5 分，但 L 的出现率降低 10%。,L 方塊 +5 分，但 L 的出現率降低 10%。
Card.Card_Shape_LongL.Name,Long L,Langes L,Uzun L,L lunga,L long,Długie L,Lang L,L longo,L longo,L larga,L larga,Длинная L,,ロングL,긴 L,长L,長L
Card.Card_Shape_LongL.Desc,"Long L tiles score +3, but Long L appears 12% less often.","Langes L-Steine geben +3 Punkte, aber Langes L erscheint 12% seltener.","Uzun L blokları +3 puan verir, ama Uzun L %12 daha az çıkar.","I blocchi L lunga danno +3 punti, ma L lunga appare il 12% in meno.","Les cases L long donnent +3 points, mais L long apparaît 12% moins souvent.","Bloki Długie L dają +3 punktów, ale Długie L pojawia się o 12% rzadziej.","Lang L-brikker gir +3 poeng, men Lang L dukker opp 12% sjeldnere.","Os blocos L longo dão +3 pontos, mas L longo aparece 12% menos.","Os blocos L longo dão +3 pontos, mas L longo aparece 12% menos.","Los bloques L larga dan +3 puntos, pero L larga aparece un 12% menos.","Los bloques L larga dan +3 puntos, pero L larga aparece un 12% menos.","Блоки Длинная L дают +3 очков, но Длинная L выпадает на 12% реже.",,ロングL のブロックは +3 点、ただし ロングL の出現率が 12% 下がります。,"긴 L 블록은 +3점, 단 긴 L의 출현 확률이 12% 낮아집니다.",长L 方块 +3 分，但 长L 的出现率降低 12%。,長L 方塊 +3 分，但 長L 的出現率降低 12%。
Card.Card_Shape_O.Name,O,O,O,O,O,O,O,O,O,O,O,O,,O,O,O,O
Card.Card_Shape_O.Desc,"O tiles score +2, but O appears 5% less often.","O-Steine geben +2 Punkte, aber O erscheint 5% seltener.","O blokları +2 puan verir, ama O %5 daha az çıkar.","I blocchi O danno +2 punti, ma O appare il 5% in meno.","Les cases O donnent +2 points, mais O apparaît 5% moins souvent.","Bloki O dają +2 punktów, ale O pojawia się o 5% rzadziej.","O-brikker gir +2 poeng, men O dukker opp 5% sjeldnere.","Os blocos O dão +2 pontos, mas O aparece 5% menos.","Os blocos O dão +2 pontos, mas O aparece 5% menos.","Los bloques O dan +2 puntos, pero O aparece un 5% menos.","Los bloques O dan +2 puntos, pero O aparece un 5% menos.","Блоки O дают +2 очков, но O выпадает на 5% реже.",,O のブロックは +2 点、ただし O の出現率が 5% 下がります。,"O 블록은 +2점, 단 O의 출현 확률이 5% 낮아집니다.",O 方块 +2 分，但 O 的出现率降低 5%。,O 方塊 +2 分，但 O 的出現率降低 5%。
Card.Card_Shape_S.Name,S,S,S,S,S,S,S,S,S,S,S,S,,S,S,S,S
Card.Card_Shape_S.Desc,"S tiles score +2, but S appears 5% less often.","S-Steine geben +2 Punkte, aber S erscheint 5% seltener.","S blokları +2 puan verir, ama S %5 daha az çıkar.","I blocchi S danno +2 punti, ma S appare il 5% in meno.","Les cases S donnent +2 points, mais S apparaît 5% moins souvent.","Bloki S dają +2 punktów, ale S pojawia się o 5% rzadziej.","S-brikker gir +2 poeng, men S dukker opp 5% sjeldnere.","Os blocos S dão +2 pontos, mas S aparece 5% menos.","Os blocos S dão +2 pontos, mas S aparece 5% menos.","Los bloques S dan +2 puntos, pero S aparece un 5% menos.","Los bloques S dan +2 puntos, pero S aparece un 5% menos.","Блоки S дают +2 очков, но S выпадает на 5% реже.",,S のブロックは +2 点、ただし S の出現率が 5% 下がります。,"S 블록은 +2점, 단 S의 출현 확률이 5% 낮아집니다.",S 方块 +2 分，但 S 的出现率降低 5%。,S 方塊 +2 分，但 S 的出現率降低 5%。
Card.Card_Shape_T.Name,T,T,T,T,T,T,T,T,T,T,T,T,,T,T,T,T
Card.Card_Shape_T.Desc,"T tiles score +3, but T appears 5% less often.","T-Steine geben +3 Punkte, aber T erscheint 5% seltener.","T blokları +3 puan verir, ama T %5 daha az çıkar.","I blocchi T danno +3 punti, ma T appare il 5% in meno.","Les cases T donnent +3 points, mais T apparaît 5% moins souvent.","Bloki T dają +3 punktów, ale T pojawia się o 5% rzadziej.","T-brikker gir +3 poeng, men T dukker opp 5% sjeldnere.","Os blocos T dão +3 pontos, mas T aparece 5% menos.","Os blocos T dão +3 pontos, mas T aparece 5% menos.","Los bloques T dan +3 puntos, pero T aparece un 5% menos.","Los bloques T dan +3 puntos, pero T aparece un 5% menos.","Блоки T дают +3 очков, но T выпадает на 5% реже.",,T のブロックは +3 点、ただし T の出現率が 5% 下がります。,"T 블록은 +3점, 단 T의 출현 확률이 5% 낮아집니다.",T 方块 +3 分，但 T 的出现率降低 5%。,T 方塊 +3 分，但 T 的出現率降低 5%。
Card.Card_Shape_Z.Name,Z,Z,Z,Z,Z,Z,Z,Z,Z,Z,Z,Z,,Z,Z,Z,Z
Card.Card_Shape_Z.Desc,"Z tiles score +3, but Z appears 8% less often.","Z-Steine geben +3 Punkte, aber Z erscheint 8% seltener.","Z blokları +3 puan verir, ama Z %8 daha az çıkar.","I blocchi Z danno +3 punti, ma Z appare il 8% in meno.","Les cases Z donnent +3 points, mais Z apparaît 8% moins souvent.","Bloki Z dają +3 punktów, ale Z pojawia się o 8% rzadziej.","Z-brikker gir +3 poeng, men Z dukker opp 8% sjeldnere.","Os blocos Z dão +3 pontos, mas Z aparece 8% menos.","Os blocos Z dão +3 pontos, mas Z aparece 8% menos.","Los bloques Z dan +3 puntos, pero Z aparece un 8% menos.","Los bloques Z dan +3 puntos, pero Z aparece un 8% menos.","Блоки Z дают +3 очков, но Z выпадает на 8% реже.",,Z のブロックは +3 点、ただし Z の出現率が 8% 下がります。,"Z 블록은 +3점, 단 Z의 출현 확률이 8% 낮아집니다.",Z 方块 +3 分，但 Z 的出现率降低 8%。,Z 方塊 +3 分，但 Z 的出現率降低 8%。
Pause.Title,PAUSED,PAUSIERT,DURAKLATILDI,IN PAUSA,EN PAUSE,PAUZA,PAUSE,EM PAUSA,EM PAUSA,EN PAUSA,EN PAUSA,ПАУЗА,,一時停止,일시정지,已暂停,已暫停
Pause.Resume,RESUME,FORTSETZEN,DEVAM ET,RIPRENDI,REPRENDRE,WZNÓW,FORTSETT,CONTINUAR,CONTINUAR,CONTINUAR,CONTINUAR,ПРОДОЛЖИТЬ,,再開,계속하기,继续,繼續
Pause.Settings,SETTINGS,EINSTELLUNGEN,AYARLAR,IMPOSTAZIONI,PARAMÈTRES,USTAWIENIA,INNSTILLINGER,DEFINIÇÕES,CONFIGURAÇÕES,AJUSTES,CONFIGURACIÓN,НАСТРОЙКИ,,設定,설정,设置,設置
Pause.MainMenu,MAIN MENU,HAUPTMENÜ,ANA MENÜ,MENU PRINCIPALE,MENU PRINCIPAL,MENU GŁÓWNE,HOVEDMENY,MENU PRINCIPAL,MENU PRINCIPAL,MENÚ PRINCIPAL,MENÚ PRINCIPAL,ГЛАВНОЕ МЕНЮ,,メインメニュー,메인 메뉴,主菜单,主菜單
Pause.Quit,QUIT TO DESKTOP,SPIEL BEENDEN,OYUNDAN ÇIK,ESCI DAL GIOCO,QUITTER LE JEU,WYJDŹ Z GRY,AVSLUTT SPILLET,SAIR DO JOGO,SAIR DO JOGO,SALIR DEL JUEGO,SALIR DEL JUEGO,ВЫЙТИ ИЗ ИГРЫ,,ゲームを終了,게임 종료,退出游戏,退出遊戲
GameOver.Reason.NoMoves,NO MOVES LEFT,KEINE ZÜGE MEHR,HAMLE KALMADI,NESSUNA MOSSA,PLUS AUCUN COUP,BRAK RUCHÓW,INGEN TREKK IGJEN,SEM JOGADAS,SEM JOGADAS,SIN MOVIMIENTOS,SIN MOVIMIENTOS,НЕТ ХОДОВ,,手がありません,이동 불가,无路可走,無路可走
GameOver.Reason.PoolExhausted,POOL EXHAUSTED,VORRAT ERSCHÖPFT,HAVUZ TÜKENDİ,FORME ESAURITE,RÉSERVE ÉPUISÉE,KONIEC KSZTAŁTÓW,TOM FOR BRIKKER,FORMAS ESGOTADAS,FORMAS ESGOTADAS,SIN FIGURAS,SIN PIEZAS,ФИГУРЫ ЗАКОНЧИЛИСЬ,,ブロック切れ,블록 소진,方块耗尽,方塊耗盡
GameOver.Reason.CannotPlace,SHAPE CANNOT BE PLACED,FORM PASST NICHT,ŞEKİL YERLEŞTİRİLEMİYOR,FORMA NON PIAZZABILE,FORME IMPLAÇABLE,NIE MOŻNA UŁOŻYĆ,BRIKKEN PASSER IKKE,FORMA NÃO CABE,FORMA NÃO CABE,NO CABE LA FIGURA,NO CABE LA FIGURA,ФИГУРУ НЕ ПОСТАВИТЬ,,配置できません,배치할 수 없음,无法放置,無法放置
GameOver.Reason.Default,GAME OVER,SPIEL VORBEI,OYUN BİTTİ,GAME OVER,PARTIE TERMINÉE,KONIEC GRY,SPILLET ER OVER,FIM DE JOGO,FIM DE JOGO,FIN DE LA PARTIDA,FIN DE LA PARTIDA,ИГРА ОКОНЧЕНА,,ゲームオーバー,게임 오버,游戏结束,遊戲結束
Card.Card_Safe_Zone.Broken,SAFE ZONE BROKEN  -{0} SHAPES,SICHERE ZONE ZERSTÖRT  -{0} FORMEN,GÜVENLİ BÖLGE KIRILDI  -{0} ŞEKİL,ZONA SICURA DISTRUTTA  -{0} FORME,ZONE SÛRE BRISÉE  -{0} FORMES,STREFA BEZPIECZNA ZNISZCZONA  -{0} KSZTAŁTÓW,TRYGG SONE ØDELAGT  -{0} BRIKKER,ZONA SEGURA QUEBRADA  -{0} FORMAS,ZONA SEGURA QUEBRADA  -{0} FORMAS,ZONA SEGURA ROTA  -{0} FIGURAS,ZONA SEGURA ROTA  -{0} PIEZAS,БЕЗОПАСНАЯ ЗОНА РАЗРУШЕНА  -{0} ФИГУР,,セーフゾーン破壊  -{0} ブロック,안전지대 파괴  -{0} 블록,安全区被破坏  -{0} 方块,安全區被破壞  -{0} 方塊
Toast.NotEnoughCoins,NOT ENOUGH BLOCKCOINS,NICHT GENUG BLOCKCOINS,YETERLİ BLOCKCOIN YOK,BLOCKCOIN INSUFFICIENTI,PAS ASSEZ DE BLOCKCOINS,ZA MAŁO BLOCKCOINÓW,IKKE NOK BLOCKCOINS,BLOCKCOINS INSUFICIENTES,BLOCKCOINS INSUFICIENTES,NO HAY SUFICIENTES BLOCKCOINS,NO HAY SUFICIENTES BLOCKCOINS,НЕДОСТАТОЧНО BLOCKCOIN,,BLOCKCOINが足りません,BLOCKCOIN이 부족합니다,BLOCKCOIN 不足,BLOCKCOIN 不足
Toast.ScoreUpgraded,{0} base score upgraded!,{0} Grundpunkte verbessert!,{0} baz puanı yükseltildi!,Punteggio base di {0} migliorato!,Score de base de {0} amélioré !,Punkty bazowe {0} ulepszone!,{0} grunnpoeng oppgradert!,Pontuação base de {0} melhorada!,Pontuação base de {0} melhorada!,¡Puntuación base de {0} mejorada!,¡Puntaje base de {0} mejorado!,Базовые очки {0} улучшены!,,{0} の基本ポイントを強化しました！,{0}의 기본 점수를 올렸습니다!,{0} 的基础分数已提升！,{0} 的基礎分數已提升！
Toast.WeightIncreased,{0} appears more often now!,{0} erscheint jetzt häufiger!,{0} artık daha sık çıkacak!,{0} apparirà più spesso!,{0} apparaît plus souvent !,{0} będzie pojawiać się częściej!,{0} dukker opp oftere nå!,{0} aparecerá com mais frequência!,{0} aparecerá com mais frequência!,¡{0} aparecerá más a menudo!,¡{0} aparecerá más a menudo!,{0} теперь выпадает чаще!,,{0} の出現率が上がりました！,{0}의 출현 확률이 올랐습니다!,{0} 的出现率提高了！,{0} 的出現率提高了！
Toast.WeightDecreased,{0} appears less often now.,{0} erscheint jetzt seltener.,{0} artık daha az çıkacak.,{0} apparirà meno spesso.,{0} apparaît moins souvent.,{0} będzie pojawiać się rzadziej.,{0} dukker opp sjeldnere nå.,{0} aparecerá com menos frequência.,{0} aparecerá com menos frequência.,{0} aparecerá menos a menudo.,{0} aparecerá menos a menudo.,{0} теперь выпадает реже.,,{0} の出現率が下がりました。,{0}의 출현 확률이 내려갔습니다.,{0} 的出现率降低了。,{0} 的出現率降低了。
Toast.ShapeUnlocked,{0} UNLOCKED!,{0} FREIGESCHALTET!,{0} AÇILDI!,{0} SBLOCCATO!,{0} DÉBLOQUÉ !,{0} ODBLOKOWANE!,{0} LÅST OPP!,{0} DESBLOQUEADO!,{0} DESBLOQUEADO!,¡{0} DESBLOQUEADO!,¡{0} DESBLOQUEADO!,{0} РАЗБЛОКИРОВАНО!,,{0} をアンロック！,{0} 잠금 해제!,已解锁 {0}！,已解鎖 {0}！
Toast.UpgradeBought,{0} upgraded!,{0} verbessert!,{0} yükseltildi!,{0} migliorato!,{0} amélioré !,{0} ulepszone!,{0} oppgradert!,{0} melhorado!,{0} melhorado!,¡{0} mejorado!,¡{0} mejorado!,{0} улучшено!,,{0} を強化しました！,{0} 업그레이드 완료!,{0} 已升级！,{0} 已升級！
Toast.UpgradeSold,{0} refunded.,{0} zurückerstattet.,{0} iade edildi.,{0} rimborsato.,{0} remboursé.,{0} zwrócone.,{0} refundert.,{0} reembolsado.,{0} reembolsado.,{0} reembolsado.,{0} reembolsado.,{0} возвращено.,,{0} を返品しました。,{0}을(를) 환불했습니다.,已退还 {0}。,已退還 {0}。
Toast.SellFailed,COULD NOT REFUND,RÜCKERSTATTUNG FEHLGESCHLAGEN,İADE EDİLEMEDİ,RIMBORSO NON RIUSCITO,REMBOURSEMENT IMPOSSIBLE,NIE MOŻNA ZWRÓCIĆ,KUNNE IKKE REFUNDERE,NÃO FOI POSSÍVEL REEMBOLSAR,NÃO FOI POSSÍVEL REEMBOLSAR,NO SE PUDO REEMBOLSAR,NO SE PUDO REEMBOLSAR,НЕ УДАЛОСЬ ВЕРНУТЬ,,返品できません,환불할 수 없습니다,无法退还,無法退還
Popup.DoubleStrike,DOUBLE STRIKE  x{0},DOPPELSCHLAG  x{0},ÇİFTE DARBE  x{0},DOPPIO COLPO  x{0},DOUBLE FRAPPE  x{0},PODWÓJNE UDERZENIE  x{0},DOBBELTSLAG  x{0},GOLPE DUPLO  x{0},GOLPE DUPLO  x{0},DOBLE GOLPE  x{0},DOBLE GOLPE  x{0},ДВОЙНОЙ УДАР  x{0},,ダブルストライク  x{0},더블 스트라이크  x{0},双重打击  x{0},雙重打擊  x{0}
Popup.GambleWon,GAMBLE WON  x{0},WETTE GEWONNEN  x{0},KUMAR TUTTU  x{0},SCOMMESSA VINTA  x{0},PARI GAGNÉ  x{0},ZAKŁAD WYGRANY  x{0},VEDDEMÅL VUNNET  x{0},APOSTA GANHA  x{0},APOSTA GANHA  x{0},APUESTA GANADA  x{0},APUESTA GANADA  x{0},СТАВКА ВЫИГРАЛА  x{0},,ギャンブル成功  x{0},도박 성공  x{0},赌赢了  x{0},賭贏了  x{0}
Popup.GambleLost,GAMBLE LOST  x{0},WETTE VERLOREN  x{0},KUMAR TUTMADI  x{0},SCOMMESSA PERSA  x{0},PARI PERDU  x{0},ZAKŁAD PRZEGRANY  x{0},VEDDEMÅL TAPT  x{0},APOSTA PERDIDA  x{0},APOSTA PERDIDA  x{0},APUESTA PERDIDA  x{0},APUESTA PERDIDA  x{0},СТАВКА ПРОИГРАЛА  x{0},,ギャンブル失敗  x{0},도박 실패  x{0},赌输了  x{0},賭輸了  x{0}
Popup.Patience,PATIENCE  x{0},GEDULD  x{0},SABIR  x{0},PAZIENZA  x{0},PATIENCE  x{0},CIERPLIWOŚĆ  x{0},TÅLMODIGHET  x{0},PACIÊNCIA  x{0},PACIÊNCIA  x{0},PACIENCIA  x{0},PACIENCIA  x{0},ТЕРПЕНИЕ  x{0},,忍耐  x{0},인내  x{0},耐心  x{0},耐心  x{0}
GameOver.Explain.NoMoves,None of your shapes fit on the board anymore.,Keine deiner Formen passt mehr auf das Feld.,Elindeki şekillerin hiçbiri tahtaya sığmıyor.,Nessuna delle tue forme entra più nel tabellone.,Aucune de vos formes ne rentre plus sur le plateau.,Żaden z twoich kształtów już się nie mieści.,Ingen av brikkene dine passer på brettet lenger.,Nenhuma das suas formas cabe mais no tabuleiro.,Nenhuma das suas formas cabe mais no tabuleiro.,Ninguna de tus figuras cabe ya en el tablero.,Ninguna de tus piezas cabe ya en el tablero.,Ни одна из ваших фигур больше не помещается на поле.,,どのブロックも盤面に置けません。,어떤 블록도 판에 놓을 수 없습니다.,没有任何方块能放进棋盘了。,沒有任何方塊能放進棋盤了。
GameOver.Explain.PoolExhausted,You ran out of shapes before reaching the milestone.,"Dir gingen die Formen aus, bevor du das Ziel erreicht hast.",Hedefe ulaşmadan şekillerin tükendi.,Hai finito le forme prima di raggiungere l'obiettivo.,Vous n'avez plus de formes avant d'atteindre l'objectif.,Skończyły ci się kształty przed osiągnięciem celu.,Du gikk tom for brikker før du nådde målet.,Você ficou sem formas antes de alcançar o objetivo.,Você ficou sem formas antes de alcançar o objetivo.,Te quedaste sin figuras antes de alcanzar el objetivo.,Te quedaste sin piezas antes de alcanzar el objetivo.,Фигуры закончились до достижения цели.,,目標に到達する前にブロックが尽きました。,목표에 도달하기 전에 블록이 떨어졌습니다.,在达成目标前方块已用完。,在達成目標前方塊已用完。
GameOver.Explain.CannotPlace,First Picks blocked rotation and nothing fits as drawn.,First Picks blockierte die Drehung und nichts passt so.,First Picks döndürmeyi kapattı ve hiçbir şekil geldiği haliyle sığmıyor.,First Picks ha bloccato la rotazione e nulla entra così.,First Picks a bloqué la rotation et rien ne rentre tel quel.,First Picks zablokował obrót i nic nie pasuje.,"First Picks sperret rotasjon, og ingenting passer slik.",First Picks bloqueou a rotação e nada cabe como está.,First Picks bloqueou a rotação e nada cabe como está.,First Picks bloqueó la rotación y nada cabe tal cual.,First Picks bloqueó la rotación y nada cabe tal cual.,"First Picks заблокировал вращение, и ничего не помещается.",,First Picks で回転が封じられ、そのままでは置けません。,First Picks가 회전을 막아 그대로는 놓을 수 없습니다.,First Picks 禁用了旋转，方块无法放入。,First Picks 禁用了旋轉，方塊無法放入。
GameOver.Explain.Default,Your run has ended.,Dein Lauf ist beendet.,Turun sona erdi.,La tua run è finita.,Votre partie est terminée.,Twoja rozgrywka dobiegła końca.,Runden din er over.,Sua jornada terminou.,Sua jornada terminou.,Tu partida ha terminado.,Tu partida ha terminado.,Ваш забег окончен.,,ランが終了しました。,이번 판이 끝났습니다.,本局结束了。,本局結束了。
Shape.Shape_Dot.Name,Dot,Punkt,Nokta,Punto,Point,Kropka,Prikk,Ponto,Ponto,Punto,Punto,Точка,,ドット,점,点,點
Shape.Shape_I3.Name,I3,I3,I3,I3,I3,I3,I3,I3,I3,I3,I3,I3,,I3,I3,I3,I3
Shape.Shape_I4.Name,I4,I4,I4,I4,I4,I4,I4,I4,I4,I4,I4,I4,,I4,I4,I4,I4
Shape.Shape_O.Name,O,O,O,O,O,O,O,O,O,O,O,O,,O,O,O,O
Shape.Shape_T.Name,T,T,T,T,T,T,T,T,T,T,T,T,,T,T,T,T
Shape.Shape_S.Name,S,S,S,S,S,S,S,S,S,S,S,S,,S,S,S,S
Shape.Shape_Z.Name,Z,Z,Z,Z,Z,Z,Z,Z,Z,Z,Z,Z,,Z,Z,Z,Z
Shape.Shape_L.Name,L,L,L,L,L,L,L,L,L,L,L,L,,L,L,L,L
Shape.Shape_J.Name,J,J,J,J,J,J,J,J,J,J,J,J,,J,J,J,J
Shape.Shape_C.Name,C,C,C,C,C,C,C,C,C,C,C,C,,C,C,C,C
Shape.Shape_LongL.Name,Long L,Langes L,Uzun L,L lunga,L long,Długie L,Lang L,L longo,L longo,L larga,L larga,Длинная L,,ロングL,긴 L,长L,長L
Shape.Shape_Cross.Name,Cross,Kreuz,Artı,Croce,Croix,Krzyż,Kryss,Cruz,Cruz,Cruz,Cruz,Крест,,クロス,십자,十字,十字
Shape.Shape_4Gen.Name,4Gen,4Gen,4Gen,4Gen,4Gen,4Gen,4Gen,4Gen,4Gen,4Gen,4Gen,4Gen,,4Gen,4Gen,4Gen,4Gen
Shape.Shape_6Sq.Name,6Square,6-Quadrat,6Kare,6 quadrati,6 carrés,6 kwadratów,6-firkant,6 quadrados,6 quadrados,6 cuadros,6 cuadros,6 квадратов,,6スクエア,6칸 사각,6格方块,6格方塊
DemoEnd.Title,THANKS FOR PLAYING,DANKE FÜRS SPIELEN,OYNADIĞINIZ İÇİN TEŞEKKÜRLER,GRAZIE PER AVER GIOCATO,MERCI D'AVOIR JOUÉ,DZIĘKUJEMY ZA GRĘ,TAKK FOR AT DU SPILTE,OBRIGADO POR JOGAR,OBRIGADO POR JOGAR,GRACIAS POR JUGAR,GRACIAS POR JUGAR,СПАСИБО ЗА ИГРУ,,プレイしてくれてありがとう,플레이해 주셔서 감사합니다,感谢您的游玩,感謝您的遊玩
DemoEnd.Body,"You have reached the end of the demo. If you enjoyed it, adding the game to your wishlist helps a lot. Share your thoughts and suggestions with the feedback button.","Du hast das Ende der Demo erreicht. Wenn sie dir gefallen hat, hilft ein Eintrag auf deiner Wunschliste sehr. Teile deine Gedanken und Vorschläge über den Feedback-Knopf.","Demonun sonuna ulaştınız. Beğendiyseniz oyunu istek listenize ekleyerek destek olabilirsiniz. Yorum ve önerilerinizi öneri butonundan paylaşabilirsiniz.","Hai raggiunto la fine della demo. Se ti è piaciuta, aggiungerla alla lista dei desideri aiuta molto. Condividi opinioni e suggerimenti con il pulsante feedback.","Vous avez atteint la fin de la démo. Si elle vous a plu, l'ajouter à votre liste de souhaits aide beaucoup. Partagez vos avis et suggestions avec le bouton de retour.","Dotarłeś do końca dema. Jeśli ci się spodobało, dodanie gry do listy życzeń bardzo pomaga. Podziel się opiniami i sugestiami przyciskiem opinii.","Du har nådd slutten av demoen. Likte du den, hjelper det mye å legge spillet i ønskelisten. Del tanker og forslag med tilbakemeldingsknappen.","Chegaste ao fim da demo. Se gostaste, adicionar o jogo à tua lista de desejos ajuda muito. Partilha opiniões e sugestões no botão de feedback.","Você chegou ao fim da demo. Se gostou, adicionar o jogo à sua lista de desejos ajuda muito. Compartilhe opiniões e sugestões no botão de feedback.","Has llegado al final de la demo. Si te ha gustado, añadir el juego a tu lista de deseos ayuda mucho. Comparte opiniones y sugerencias con el botón de comentarios.","Llegaste al final de la demo. Si te gustó, agregar el juego a tu lista de deseos ayuda mucho. Comparte opiniones y sugerencias con el botón de comentarios.","Вы прошли демоверсию до конца. Если понравилось, добавление игры в список желаемого очень помогает. Поделитесь мыслями и предложениями через кнопку отзыва.",,デモはここまでです。気に入っていただけたら、ウィッシュリストへの追加がとても励みになります。ご意見やご提案はフィードバックボタンからお寄せください。,데모는 여기까지입니다. 마음에 드셨다면 위시리스트에 추가해 주시면 큰 힘이 됩니다. 의견과 제안은 피드백 버튼으로 보내 주세요.,试玩到此结束。如果您喜欢，把游戏加入愿望单会是很大的支持。欢迎通过反馈按钮分享您的意见和建议。,試玩到此結束。如果您喜歡，把遊戲加入願望清單會是很大的支持。歡迎透過意見回饋按鈕分享您的想法與建議。
DemoEnd.MainMenu,BACK TO MENU,ZURÜCK ZUM MENÜ,ANA SAYFAYA DÖN,TORNA AL MENU,RETOUR AU MENU,POWRÓT DO MENU,TILBAKE TIL MENYEN,VOLTAR AO MENU,VOLTAR AO MENU,VOLVER AL MENÚ,VOLVER AL MENÚ,В ГЛАВНОЕ МЕНЮ,,メニューに戻る,메뉴로 돌아가기,返回主菜单,返回主選單
DemoEnd.Wishlist,ADD TO WISHLIST,AUF WUNSCHLISTE,İSTEK LİSTESİNE EKLE,AGGIUNGI AI DESIDERI,AJOUTER AUX SOUHAITS,DODAJ DO LISTY ŻYCZEŃ,LEGG I ØNSKELISTEN,ADICIONAR À LISTA DE DESEJOS,ADICIONAR À LISTA DE DESEJOS,AÑADIR A DESEADOS,AGREGAR A DESEADOS,В СПИСОК ЖЕЛАЕМОГО,,ウィッシュリストに追加,위시리스트에 추가,加入愿望单,加入願望清單
DemoEnd.Feedback,SEND FEEDBACK,FEEDBACK SENDEN,ÖNERİ VER,INVIA FEEDBACK,DONNER SON AVIS,PRZEŚLIJ OPINIĘ,SEND TILBAKEMELDING,ENVIAR FEEDBACK,ENVIAR FEEDBACK,ENVIAR COMENTARIOS,ENVIAR COMENTARIOS,ОТПРАВИТЬ ОТЗЫВ,,フィードバックを送る,피드백 보내기,提交反馈,提交意見回饋
Pause.Feedback,SEND FEEDBACK,FEEDBACK SENDEN,ÖNERİ VER,INVIA FEEDBACK,DONNER SON AVIS,PRZEŚLIJ OPINIĘ,SEND TILBAKEMELDING,ENVIAR FEEDBACK,ENVIAR FEEDBACK,ENVIAR COMENTARIOS,ENVIAR COMENTARIOS,ОТПРАВИТЬ ОТЗЫВ,,フィードバックを送る,피드백 보내기,提交反馈,提交意見回饋
